каструлі,пательні,інше
55-333-374_2.png,55-333-477.png,55-333-351.png
55-333-374_под.png,55-333-477_2.png,55-333-351_2.png
55-333-400.png,55-333-527.png,55-333-387.png
55-333-400_2.png,55-333-527_2.png,55-333-387_2.png
55-333-419.png,28546.png,55-333-410.png
55-333-419_2.png,28546_2.png,55-333-410_2.png
55-333-464.png,,55-333-418.png
55-333-464_2.png,,55-333-418_2.png
55-333-535.png,,55-333-462_2.png
55-333-535_2.png,,55-333-462_под.png
55-333-571_2.png,,55-333-524.png
55-333-571_под.png,,55-333-524_2.png
55-333-621.png,,55-333-554.png
55-333-621_2.png,,55-333-554_2.png
55-333-641.png,,55-333-562.png
55-333-641_2.png,,55-333-562_2.png
55-333-644_2.png,,55-333-635.png
55-333-644_3.png,,55-333-635_2.png
55-333-675_2.png,,55-333-644.png
55-333-675_3.png,,55-333-644_3.png
55-333-675_под.png,,55-333-676_2.png
28460.png,,55-333-676_под.png
28460_2.png,,28252.png
28471.png,,28252_2.png
28471_2.png,,28483.png
28473.png,,28483_2.png
28473_2.png,,кераміка_1.png
28473_3.png,,кераміка_1_2.png
28480.png,,кераміка_1_3.png
28480_2.png,,кераміка_2.png
28528.png,,кераміка_2_2.png
28528_2.png,,кераміка_2_3..png
28567.png,,
28567_2.png,,
28718.png,,
28718_2.png,,
28719.png,,
28719_2.png,,
28729.png,,
28729_2.png,,
28827_2.png,,
28827_под.png,,
